{ "wpie_icon-file-download": 59907, "wpie_icon-plug": 59909, "wpie_icon-trash": 59910, "wpie_icon-xmark": 59911, "wpie_icon-pointer": 59912, "wpie_icon-ruler-pen": 59913, "wpie_icon-paintbrush": 59914, "wpie_icon-play": 59915, "wpie_icon-buttons": 59916, "wpie_icon-users": 59917, "wpie_icon-text": 59918, "wpie_icon-laptop-mobile": 59919, "wpie_icon-arrow-bottom": 59920, "wpie_icon-globe-pointer": 59921, "wpie_icon-square-plus": 59922, "wpie_icon-plus": 59923, "wpie_icon-calendar": 59924, "wpie_icon-grid-circle-plus": 59925, "wpie_icon-gear": 59926, "wpie_icon-check": 59927, "wpie_icon-chart-line": 59929, "wpie_icon-chart": 59930, "wpie_icon-link": 59931, "wpie_icon-target": 59932, "wpie_icon-sparkle": 59933, "wpie_icon-laptop": 59934, "wpie_icon-paperclip": 59935, "wpie_icon-at-sign": 59936, "wpie_icon-crosshairs": 59937, "wpie_icon-lock": 59938, "wpie_icon-lock-open": 59939, "wpie_icon-chevron-up": 59940, "wpie_icon-chevron-down": 59941, "wpie_icon-roadmap": 59944, "wpie_icon-tag": 59945, "wpie_icon-square-minus": 59946, "wpie_icon-bottom": 59947, "wpie_icon-envelope": 59948, "wpie_icon-user": 59949, "wpie_icon-key": 59950, "wpie_icon-border-width": 59951, "wpie_icon-eye-open": 59952, "wpie_icon-award": 59953, "wpie_icon-newsletter": 59954, "wpie_icon-copy": 59955, "wpie_icon-file-content": 59956, "wpie_icon-rocket": 59957, "wpie_icon-filter": 59958, "wpie_icon-image": 59959, "wpie_icon-eye-closed": 59960}