{"rucss_inline_atts_exclusions":["rocket-lazyload-inline-css","divi-style-parent-inline-inline-css","gsf-custom-css","extra-style-inline-inline-css","woodmart-inline-css-inline-css","woodmart_shortcodes-custom-css","rs-plugin-settings-inline-css","divi-style-inline-inline-css","tcb-post-list-dynamic-style","n2-ss-","wpcf7-","siteorigin-panels-layouts-footer","xstore-inline-css-inline-css","assets.reviews.io","ezoicCSS","stk-","rocket-lazyrender-inline-css","umsMapStyles_"],"rucss_inline_content_exclusions":[".wp-container-",".wp-elements-","#wpv-expandable-",".custom-content-","#thb-",".et_pb_text_dap_","#gdlr-core-shape-divider","#ultib3-",".uvc-wrap-",".jet-listing-dynamic-post-",".vcex_",".wprm-advanced-list-",".adsslot_",".jnews_",".cp-info-bar.content-","#stockie-custom-","#ohio-custom-",".uid-","#wpfMainWrapper","#penci_","#penci-",".wpbs_s","#apcore_","#apress_","#zolo_",".extended-products-grid#style-",".preloader#style-preloader-",".thegem-heading-",".thegem-button-",".thegem-custom-",".thegem-popup-","#pattern-","#thegem-video-frame-","#thegem-",".qwery_inline_",".dcgd_submit_button",".irs-bar",".gallery-grid-",".cmplz-hidden","#sqbquizouter","#start_sqbquizouter",".flo-header--",".trx_addons_inline_",".wpp-cardview-compact",".e-loop-item-",".tiered-pricing-plain-text",".vc_cta3_content-container",".vc_btn-gradient-btn-"],"defer_js_inline_exclusions":["DOMContentLoaded","document.write","window.lazyLoadOptions","N.N2_","rev_slider_wrapper","FB3D_CLIENT_LOCALE","ewww_webp_supported","anr_captcha_field_div","renderInvisibleReCaptcha","bookingInProgress"],"defer_js_external_exclusions":["gist.github.com","content.jwplatform.com","js.hsforms.net","www.uplaunch.com","google.com\/recaptcha","widget.reviews.co.uk","verify.authorize.net\/anetseal","lib\/admin\/assets\/lib\/webfont\/webfont.min.js","app.mailerlite.com","widget.reviews.io","simplybook.(.*)\/v2\/widget\/widget.js","\/wp-includes\/js\/dist\/i18n.min.js","\/wp-content\/plugins\/wpfront-notification-bar\/js\/wpfront-notification-bar(.*).js","\/wp-content\/plugins\/oxygen\/component-framework\/vendor\/aos\/aos.js","\/wp-content\/plugins\/ewww-image-optimizer\/includes\/check-webp(.min)?.js","static.mailerlite.com\/data\/(.*).js","cdn.voxpow.com\/static\/libs\/v1\/(.*).js","cdn.voxpow.com\/media\/trackers\/js\/(.*).js","use.typekit.net","www.idxhome.com","\/wp-includes\/js\/dist\/vendor\/lodash(.min)?.js","\/wp-includes\/js\/dist\/api-fetch(.min)?.js","\/wp-includes\/js\/dist\/i18n(.min)?.js","\/wp-includes\/js\/dist\/vendor\/wp-polyfill(.min)?.js","\/wp-includes\/js\/dist\/url(.min)?.js","\/wp-includes\/js\/dist\/hooks(.min)?.js","www.paypal.com\/sdk\/js","js-eu1.hsforms.net","yanovis.Voucher.js","\/carousel-upsells-and-related-product-for-woocommerce\/assets\/js\/glide.min.js","use.typekit.com","\/artale\/modules\/kirki\/assets\/webfont.js","\/api\/scripts\/lb_cs.js","js.hscta.net\/cta\/current.js","widget.refari.co","player.vdocipher.com","\/wp-content\/plugins\/wp-rocket\/assets\/js\/lcp-beacon(.min)?.js"],"delay_js_exclusions":["nowprocket","\/wp-includes\/js\/wp-embed.min.js","lazyLoadOptions","lazyLoadThumb","wp-rocket\/assets\/js\/lazyload\/(.*)","et_core_page_resource_fallback","window.\\$us === undefined","js-extra","fusionNavIsCollapsed","\/assets\/js\/smush-lazy-load","eio_lazy_vars","\\\/lazysizes(\\.min|-pre|-post)?\\.js","document\\.body\\.classList\\.remove\\(\"no-js\"\\)","document\\.documentElement\\.className\\.replace\\( 'no-js', 'js' \\)","et_animation_data","wpforms_settings","var nfForms","\/\/stats.wp.com","_stq.push","fluent_form_ff_form_instance_","cpLoadCSS","ninja_column_","var rbs_gallery_","var lepopup_","var billing_additional_field","var gtm4wp","var dataLayer_content","\/ewww-image-optimizer\/includes\/load[_-]webp(\\.min)?.js","\/ewww-image-optimizer\/includes\/check-webp(\\.min)?.js","ewww_webp_supported","\/dist\/js\/browser-redirect\/app.js","\/perfmatters\/js\/lazyload.min.js","lazyLoadInstance","scripts.mediavine.com\/tags\/","initCubePortfolio","simpli.fi","gforms_recaptcha_","\/jetpack-boost\/vendor\/automattic\/jetpack-lazy-images\/(.*)","jetpack-lazy-images-js-enabled","jetpack-boost-critical-css","wpformsRecaptchaCallback","booking-suedtirol-js","wpcp_css_disable_selection","\/gravityforms\/js\/conditional_logic.min.js","statcounter.com\/counter\/counter.js","var sc_project","\/jetpack\/jetpack_vendor\/automattic\/jetpack-lazy-images\/(.*)","\/themify-builder\/themify\/js\/modules\/fallback(\\.min)?.js","handlePixMessage","var corner_video","cdn.pixfuture.com\/hb_v2.js","cdn.pixfuture.com\/pbix.js","served-by.pixfuture.com\/www\/delivery\/ads.js","served-by.pixfuture.com\/www\/delivery\/headerbid_sticky_refresh.js","serv-vdo.pixfuture.com\/vpaid\/ads.js","wprRemoveCPCSS","window.jdgmSettings","\/photonic\/include\/js\/front-end\/nomodule\/photonic-baguettebox.min.js","\/photonic\/include\/ext\/baguettebox\/baguettebox.min.js","window.wsf_form_json_config","et_link_options_data","FuseboxPlayerAPIKey","js.hscta.net\/cta\/current.js","hbspt.cta.load","consent.cookiebot.com\/uc.js","\/woofilter-pro\/woofilterpro\/js\/ion.rangeSlider.min.js","barra.r7.com\/barra.js","rocket_css_lazyload_launch","#wpr-lazyload-bg","\/wp-content\/plugins\/wp-rocket\/assets\/js\/lcp-beacon(.min)?.js","rocket_lcp_data","rocket_beacon_data","\/wp-content\/plugins\/wp-rocket\/assets\/js\/wpr-beacon(.min)?.js"],"js_minify_external":["html5.js","show_ads.js","histats.com\/js","ws.amazon.com\/widgets","\/ads\/","intensedebate.com","scripts.chitika.net\/","jotform.com\/","gist.github.com","forms.aweber.com","video.unrulymedia.com","stats.wp.com","stats.wordpress.com","widget.rafflecopter.com","widget-prime.rafflecopter.com","releases.flowplayer.org","c.ad6media.fr","cdn.stickyadstv.com","www.smava.de","contextual.media.net","app.getresponse.com","adserver.reklamstore.com","s0.wp.com","wprp.zemanta.com","files.bannersnack.com","smarticon.geotrust.com","js.gleam.io","ir-na.amazon-adsystem.com","web.ventunotech.com","verify.authorize.net","ads.themoneytizer.com","embed.finanzcheck.de","imagesrv.adition.com","js.juicyads.com","form.jotformeu.com","speakerdeck.com","content.jwplatform.com","ads.investingchannel.com","app.ecwid.com","www.industriejobs.de","s.gravatar.com","googlesyndication.com","a.optmstr.com","a.optmnstr.com","a.opmnstr.com","adthrive.com","mediavine.com","js.hsforms.net","googleadservices.com","f.convertkit.com","recaptcha\/api.js","mailmunch.co","apps.shareaholic.com","dsms0mj1bbhn4.cloudfront.net","nutrifox.com","code.tidio.co","www.uplaunch.com","widget.reviewability.com","embed-cdn.gettyimages.com\/widgets.js","app.mailerlite.com","ck.page","cdn.jsdelivr.net\/gh\/AmauriC\/","static.klaviyo.com\/onsite\/js\/klaviyo.js","a.omappapi.com\/app\/js\/api.min.js","static.zdassets.com","feedbackcompany.com\/widgets\/feedback-company-widget.min.js","widget.gleamjs.io","phonewagon.com","simplybook.asia\/v2\/widget\/widget.js","simplybook.it\/v2\/widget\/widget.js","simplybook.me\/v2\/widget\/widget.js","static.botsrv.com\/website\/js\/widget2.36cf1446.js","static.mailerlite.com\/data\/","cdn.voxpow.com","loader.knack.com","embed.lpcontent.net\/leadboxes\/current\/embed.js","cc.cdn.civiccomputing.com\/9\/cookieControl-9.x.min.js","cse.google.com\/cse.js","kit.fontawesome.com","cdn.jsdelivr.net\/npm\/mathjax@3\/es5\/tex-mml-chtml.js","static.leadpages.net\/leadbars\/current\/embed.js","booqable.com\/v2\/booqable.js","googleoptimize.com","cdna.hubpeople.com\/js\/widget_standalone_two_modes.js","s3.tradingview.com","www.vbt.io\/ext\/vbtforms.js","cdn.callrail.com","documentcloud.adobe.com\/view-sdk\/main.js","static.cleverpush.com","js.afterpay.com","cdn.enable.co.il\/licenses\/enable-","hcaptcha.com\/1\/api.js","voucher.getavo.it\/public\/js\/yanovis.Voucher.js","js-eu1.hsforms.net","statcounter.com\/counter\/counter.js","snapppt.com","use.typekit.com","secure.gravatar.com\/js\/gprofiles.js","cdn.jsdelivr.net\/npm\/hockeystack","widget.prod.faslet.net","ga.getresponse.com\/script\/ga.js","cognitoforms.com","usercentrics.eu","cdn.amcharts.com","umami","cdn.popt.in\/pixel.js","m2d.m2.ai","pubguru.net","trustindex.io","cdnjs.cloudflare.com\/ajax\/libs\/prism\/","podigee-podcast-player.js","tarteaucitron.io\/load.js","osm.klarnaservices.com\/lib.js","mein.clickskeks.at\/app.js","barra.r7.com\/barra.js","widget.refari.co","widget.reviews.co.uk","player.vdocipher.com","www.instagram.com\/embed.js","smartframe.io","challenges.cloudflare.com\/turnstile\/","script.roboassist.ai","cdn.hu-manity.co","daumcdn.net\/mapjsapi\/bundle\/postcode\/prod\/postcode.v2.js","consent.cookiebot.com\/uc.js","umstats.tools.coolw.xyz"],"js_move_after_combine":["map_fusion_map_","ec:addProduct","ec:addImpression","clear_better_facebook_comments","vc-row-destroy-equal-heights-","dfd-icon-list-","SFM_template","WLTChangeState","wlt_star_","wlt_pop_distance_","smart_list_tip","gd-wgt-pagi-","data-rf-id=","tvc_po=","scrapeazon","startclock","it_logo_field_owl-box_","td_live_css_uid","wpvl_paramReplace","tdAjaxCount","mec_skin_","_wca","_taboola","fbq('trackCustom'","fbq('track'","data.token","sharrre","dfads_ajax_load_ads","tie_postviews","wmp_update","h5ab-print-article","gform_ajax_frame_","gform_post_render","mts_view_count","act_css_tooltip","window.SLB","wpt_view_count","var dateNow","gallery_product_",".flo-block-slideshow-","data='api-key=ct-","ip_common_function()","(\"style#gsf-custom-css\").append","a3revWCDynamicGallery_","#owl-carousel-instagram-","window.FlowFlowOpts","jQuery('.td_uid_","jQuery(\".slider-","#dfd-vcard-widget-","#sf-instagram-widget-",".woocommerce-tabs-","penci_megamenu__","vc_prepareHoverBox","wp-temp-form-div","_wswebinarsystem_already_","#views-extra-css\").text","fusetag.setTargeting","hit.uptrendsdata.com","callback:window.renderBadge","test_run_nf_conditional_logic","cb_nombre","$('.fl-node-","function($){google_maps_","$(\"#myCarousel","et_animation_data=","current_url=\"","CustomEvent.prototype=window.Event.prototype","electro-wc-product-gallery","woof_is_mobile","jQuery('.videonextup","wpp_params","us.templateDirectoryUri=",".fat-gallery-item",".ratingbox","user_rating.prototype.eraseCookie","test_run_nf_conditional","dpsp-networks-btns-wrapper","pa_woo_product_info","sharing_enabled_on_post_via_metabox","#product-search-field-","GOTMLS_login_offset","berocket_aapf_time_to_fix_products_style","window.vc_googleMapsPointer","sinceID_","#ut-background-video-ut-section","+window.comment_tab_width+","dfd-button-hover-in","wpseo-address-wrapper","platform.stumbleupon.com","#woo_pp_ec_button_mini_cart","#supercarousel","blockClass","tdbMenuItem","tdbSearchItem","best_seller_badge","jQuery('#product-top-bar","fb_desc-","FC_regenerate_captcha","wp_post_blocks_vars.listed_posts=[","captcha-hash","mapdata={",".ywpc-char-",").countdowntimer(","jQuery(\"#td_uid_","find('#td_uid_","variation_estimate_msg"],"js_excluded_inline":["document.write","google_ad","edToolbar","gtag","_gaq.push","_gaLt","GoogleAnalyticsObject","syntaxhighlighter","adsbygoogle","ci_cap_","_stq","nonce","post_id","LogHuman","idcomments_acct","ch_client","sc_online_t","_stq","bannersnack_embed","vtn_player_type","ven_video_key","ANS_customer_id","tdBlock","tdLocalCache","wpRestNonce","\"url\":","lazyLoadOptions","adthrive","loadCSS","google_tag_params","clicky_custom","clicky_site_ids","NSLPopupCenter","_paq","gtm","dataLayer","RecaptchaLoad","WPCOM_sharing_counts","jetpack_remote_comment","subscribe-field","contextly","_mmunch","gt_request_uri","doGTranslate","docTitle","bs_ajax_paginate_","bs_deferred_loading_","theChampRedirectionUrl","theChampFBCommentUrl","theChampTwitterRedirect","theChampRegRedirectionUrl","ESSB_CACHE_URL","oneall_social_login_providers_","betterads_screen_width","woocommerce_wishlist_add_to_wishlist_url","arf_conditional_logic","heateorSsHorSharingShortUrl","TL_Const","bimber_front_microshare","setAttribute(\"id\"","setAttribute( \"id\"","TribeEventsPro","peepsotimedata","wphc_data","hc_rand_id","RBL_ADD","AfsAnalyticsObject","_thriveCurrentPost","esc_login_url","fwduvpMainPlaylist","Bibblio.initRelatedContent","showUFC()","#iphorm-","#fancy-","ult-carousel-","theChampLJAuthUrl","f._fbq","Insticator","w2dc_js_objects","cherry_ajax","ad_block_","elementorFrontendConfig","zeen_","disqusIdentifier","currentAjaxUrl","geodir_event_call_calendar_","atatags-","hbspt.forms.create","function(c,h,i,m,p)","dataTable({","rankMath = {","_atrk_opts","quicklinkOptions","ct_checkjs_","WP_Statistics_http","penci_block_","omapi_localized","omapi_data","OptinMonsterApp","tminusnow","nfForms","galleries.gallery_","wcj_evt.prodID","advads_tracking_ads","advadsGATracking.postContext","woopack_config","ulp_content_id","wp-cumulus\/tagcloud.swf?r=","ctSetCookie('ct_checkjs'","woof_really_curr_tax","uLogin.customInit","i18n_no_matching_variations_text","alsp_map_markers_attrs","var inc_opt =","iworks_upprev","yith_wcevti_tickets","window.metrilo.ensure_cbuid","metrilo.event","wordpress_page_root","wcct_info","Springbot.product_id","pysWooProductData","dfd-heading","owl=$(\"#","penci_megamenu","fts_security","algoliaAutocomplete","avia_framework_globals","tabs.easyResponsiveTabs","searchlocationHeader","yithautocomplete","data-parallax-speed","currency_data=","cedexisData","function reenableButton","#wpnbio-show","e.Newsletter2GoTrackingObject","var categories_","\"+nRemaining+\"","cartsguru_cart_token","after_share_easyoptin","location_data.push","thirstyFunctions.isThirstyLink","styles: ' #custom-menu-","function svc_center_","#svc_carousel2_container_","advads.move","elementid","advads_has_ads","wpseo_map_init","mdf_current_page_url","tptn_tracker","dpsp_pin_button_data","searchwp_live_search_params","wpp_params","top.location,thispage","selection+pagelink","ic_window_resolution","PHP.wp_p_id","ShopifyBuy.UI.onReady(client)","orig_request_uri","gie.widgets.load","Adman.Flash","PHP.wp_p_id","window.broadstreetKeywords","var productId =","var flatsomeVars","wc_product_block_data","static.mailerlite.com","amzn_assoc","_bs_getParameterByName","_stq.push","h._remove","var FlowFlowOpts","var WCPFData =","var _beeketing","var _statcounter","var actions =","var current_url","var object_name","var the_ajax_script","var wc_cart_fragments_params","var woocommerce_params","var wpml_cookies","wc_add_to_cart_params","window.broadstreetKeywords","window.wc_ga_pro.available_gateways","xa.prototype","HOUZEZ_ajaxcalls_vars","w2dc_maps_objects","w2dc_controller_args_array","w2dc_map_markers_attrs","YT.Player","WPFC.data","function current_video_","var videodiv","var slider_wppasrotate","wppas_ga","var blockClass","tarteaucitron","pw_brand_product_list","tminusCountDown","pysWooSelectContentData","wpvq_ans89733","_isp_version","price_range_data","window.FeedbackCompanyWidgets","woocs_current_currency","woo_variation_swatches_options","woocommerce_price_slider_params","scriptParams","form-adv-pagination","borlabsCookiePrioritize","urls_wpwidgetpolylang","quickViewNonce","frontendscripts_params","nj-facebook-messenger","var fb_mess_position","init_particles_row_background_script","setREVStartSize","fl-node","PPAccordion","soliloquy_","wprevpublicjs_script_vars","DTGS_NONCE_FRONTEND","et_animation_data","archives-dropdown","loftloaderCache","SmartSliderSimple","var nectarLove","var incOpt","RocketBrowserCompatibilityChecker","RocketPreloadLinksConfig","placementVersionId","var useEdit","var DTGS_NONCE_FRONTEND","n2jQuery","et_core_api_spam_recaptcha","cnArgs","__CF$cv$params","trustbox_settings","aepro","cdn.jst.ai","w2dc_fields_in_categories","jetMenuPublicSettings","JetTricksSettings","aepc_pixel","avadaWooCommerceVars","var isb","fcaPcPost","csrf_token","icwp_wpsf_vars_lpantibot","wpvViewHead","ed_school_plugin","aps_comp_","guaven_woos","__lm_redirect_to","__wpdm_view_count","bookacti.booking_system","nfFrontEnd","view_quote_cart_link","__eae_decode_emails","divioverlays_ajaxurl","var _EPYT_","#ins-heading-","#ins-button-","tve_frontend_options","lb24.src","amazon_Login_accessToken","porto_infinite_scroll",".adace-loader-","adace_load_","tagGroupsAccordiontaggroupscloudaccordion","tagGroupsTabstaggroupscloudtabs","jrRelatedWidgets","UNCODE.initRow","amp_mobile_redirect_disabled","wpgdprcData","wpml_browser_redirect_params","swPreRegister","kboard_settings","ct_ultimate_gdpr_cookie","wcpv_registration_local","www.idxhome.com","arf_footer_cl_logic_call","reload_attached_coupons","var ftpp","forminatorFront","_EPYT_","edd_free_downloads_vars","edd_stripe_vars","var ASP","ecwidOriginalTitle","defaultCategoryId","translation-revision-date","google_conversion_id","hbspt","var marker_locations_","var AdmMyAjax","ifso_page_url","referrer_for_pageload","WoocommerceWidget\/woocommerceWidget.js","var ht_ctc_chat_var","spuvar","var wpilFrontend","urls_polylangREPLACETOID","e.setAttribute('unselectable',on);","try{Typekit.load","iMapsData","var wpforms_user_journey","rocket_lazyload_css_data","wcStoreApiNonceTimestamp","createNonceMiddleware","pbidHash","wcBlocksMiddlewareConfig"],"cache_ignored_parameters":["utm_source","utm_medium","utm_campaign","utm_expid","utm_term","utm_content","utm_id","utm_source_platform","utm_creative_format","utm_marketing_tactic","mtm_source","mtm_medium","mtm_campaign","mtm_keyword","mtm_cid","mtm_content","pk_source","pk_medium","pk_campaign","pk_keyword","pk_cid","pk_content","fb_action_ids","fb_action_types","fb_source","fbclid","campaignid","adgroupid","adid","gclid","age-verified","ao_noptimize","usqp","cn-reloaded","_ga","sscid","gclsrc","_gl","mc_cid","mc_eid","_bta_tid","_bta_c","trk_contact","trk_msg","trk_module","trk_sid","gdfms","gdftrk","gdffi","_ke","_kx","redirect_log_mongo_id","redirect_mongo_id","sb_referer_host","mkwid","pcrid","ef_id","s_kwcid","msclkid","dm_i","epik","pp","gbraid","wbraid","ssp_iabi","ssp_iaba","gad","vgo_ee","gad_source","onlywprocket","srsltid"],"preload_exclusions":["void\\(.*;","(.*)__trashed(.*)","\/jet-menu\/(.*)","\/jet-popup\/(.*)"],"exclude_js_files":["\/wp-includes\/js\/dist\/i18n.min.js","\/interactive-3d-flipbook-powered-physics-engine\/assets\/js\/html2canvas.min.js","\/interactive-3d-flipbook-powered-physics-engine\/assets\/js\/pdf.min.js","\/interactive-3d-flipbook-powered-physics-engine\/assets\/js\/three.min.js","\/interactive-3d-flipbook-powered-physics-engine\/assets\/js\/3d-flip-book.min.js","\/google-site-kit\/dist\/assets\/js\/(.*).js","\/wp-live-chat-support\/public\/js\/callus(.*).js","\/borlabs-cookie\/assets\/javascript\/(.*).js","\/wp-content\/plugins\/wp-rocket\/assets\/js\/lcp-beacon(.min)?.js","\/woocommerce-bookings\/dist\/frontend.js","\/plugins\/mapify(.*)\/assets\/js\/dist\/bundle.js","\/wp-content\/plugins\/wp-rocket\/assets\/js\/wpr-beacon(.min)?.js"],"staging_domains":[".wpengine.com",".wpenginepowered.com",".pantheonsite.io",".flywheelsites.com",".flywheelstaging.com",".kinsta.com",".kinsta.cloud",".cloudwaysapps.com",".azurewebsites.net",".wpserveur.net","-liquidwebsites.com",".myftpupload.com",".dream.press",".sg-host.com",".platformsh.site",".wpstage.net",".bigscoots-staging.com",".wpsc.site",".runcloud.link",".onrocket.site",".singlestaging.com",".myraidbox.de",".instawp.xyz",".instawp.co",".instawp.link",".instawp.app",".hstgr.cloud",".myhostpoint.ch",".wpcomstaging.com",".nxcli.io",".lyricalstaging.com"],"exclude_js_template":["type=\"module\"","data-minify=","data-no-minify="],"lazy_rendering_exclusions":["div class=\"parallex\"","div class=\"avada-footer-scripts\"","div id=\"rhslidingMenu\"","div class=\"logobsmallt\"","div id=\"ast-mobile-popup-wrapper\"","div id=\"cmplz-cookiebanner-container\"","div class=\"wf-container-footer\""]}